ID|CONGLOMERADO|NSELV|VIVREM|NSELVREMP|ID_MUESTRA|ESTRATO|DOMINIO|PERIODO|CCDD|DEPARTAMENTO|CCPP|PROVINCIA|CCDI|DISTRITO|CODCCPP|NOMCCPP|ZONA|MANZANA|AER_INI|AER_FIN|AREA|GPS_LONG|GPS_LAT|GPS_ALT|RESVIV|RFINAL|VIVIENDA|TOHOGAR|HOGAR_ID|C1P101|C1P101_O|C1P102|C1P102_O|C1P103|C1P103_O|C1P104|C1P104_O|C1P105|C1P105_O|C1P106|C1P106_O|C1P107|C1P107_O|C1P108|C1P109|C1P110_1|C1P110_2|C1P110_3|C1P110_4|C1P110_5|C1P110_6|C1P110_7|C1P111|C1P112_1|C1P112_1_COD|C1P112_2|C1P112_2_COD|C1P112_3|C1P112_3_COD|C1P200|FACTOR_VIV
68524|00118|0010|0||1|||5|24|TUMBES|01|TUMBES|01|TUMBES|0001|TUMBES|00700|059|||1|-80.448163|-3.5643464|24.0|1|1|001|1|1|1||5||4||5||1||1||1||4|3|1|2|2|1|1|2|1|2|||||||2|4810.55151984834
68557|00118|0043|0||1|||5|24|TUMBES|01|TUMBES|01|TUMBES|0001|TUMBES|00700|059|||1|-80.448629|-3.5645983|31.0|1|1|002|1|1|1||1||4||5||1||1||1||5|3|1|2|2|1|1|2|1|2|||||||1|4810.55151984834
68572|00118|0058|0||1|||5|24|TUMBES|01|TUMBES|01|TUMBES|0001|TUMBES|00700|060A|||1|-80.448181|-3.5654322|45.0|1|1|003|1|1|1||1||4||5||1||1||1||5|3|1|1|2|1|1|2|1|2|||||||2|4810.55151984834
68607|00118|0093|0||1|||5|24|TUMBES|01|TUMBES|01|TUMBES|0001|TUMBES|00700|060A|||1|-80.448638|-3.5657484|40.0|1|1|004|1|1|1||1||4||5||1||1||1||3|2|1|2|1|1|1|2|1|2|||||||4|4810.55151984834
68662|00118|0148|0||1|||5|24|TUMBES|01|TUMBES|01|TUMBES|0001|TUMBES|00700|072F|||1|-80.444553|-3.5681017|42.0|1|1|006|1|1|1||1||4||3||1||1||1||3|2|1|1|1|1|1|2|1|2|||||||1|4810.55151984834
68677|00118|0163|0||1|||5|24|TUMBES|01|TUMBES|01|TUMBES|0001|TUMBES|00700|075|||1|-80.444225|-3.5688565|46.0|1|1|007|1|1|1||1||4||5||1||1||1||3|2|1|1|1|1|1|1|1|2|||||||1|4810.55151984834
68711|00118|0197|0||1|||5|24|TUMBES|01|TUMBES|01|TUMBES|0001|TUMBES|00700|082|||1|-80.442945|-3.5686821|53.0|1|1|008|1|1|1||1||4||5||1||1||1||4|2|1|2|2|1|1|2|1|2|||||||2|4810.55151984834
68539|00118|0025|1|0109|1|||5|24|TUMBES|01|TUMBES|01|TUMBES|0001|TUMBES|00700|059|||1|-80.448155|-3.5649835|33.0|1|1|009|1|1|1||1||4||5||1||1||1||2|1|2|2|2|2|2|2|1|2|||||||1|4810.55151984834
68720|00344|0004|0||1|||5|24|TUMBES|03|ZARUMILLA|04|PAPAYAL|0001|PAPAYAL|00100|017|||1|-80.234666|-3.5741810|63.0|1|1|001|1|1|1||5||4||5||1||1||1||4|3|1|2|2|1|1|2|1|2|||||||1|4810.55151984834
68752|00344|0036|0||1|||5|24|TUMBES|03|ZARUMILLA|04|PAPAYAL|0001|PAPAYAL|00100|019D|||1|-80.235339|-3.5739111|60.0|1|1|003|1|1|1||1||4||5||1||1||1||4|3|1|1|1|1|2|2|1|2|||||||1|4810.55151984834
68762|00344|0046|0||1|||5|24|TUMBES|03|ZARUMILLA|04|PAPAYAL|0001|PAPAYAL|00100|021A|||1|-80.236068|-3.5719664|62.0|1|1|004|1|1|1||1||4||5||1||8|RED PUBLICA DE LA CASA DEL VECINO|8|UTILIZA BAÑO DE SU VECINO|3|2|1|2|2|1|1|2|1|2|||||||2|4810.55151984834
68782|00344|0066|0||1|||5|24|TUMBES|03|ZARUMILLA|04|PAPAYAL|0001|PAPAYAL|00100|022|||1|-80.235578|-3.5713099|60.0|1|1|005|1|1|1||5||4||5||1||1||1||2|1|2|2|2|2|2|2|2|2|||||||1|4810.55151984834
68793|00344|0077|0||1|||5|24|TUMBES|03|ZARUMILLA|04|PAPAYAL|0001|PAPAYAL|00100|023A|||1|-80.236171|-3.5729669|59.0|1|1|006|1|1|1||1||4||5||1||1||1||5|3|1|1|2|1|1|2|1|2|||||||1|4810.55151984834
68742|00344|0026|1|0016|1|||5|24|TUMBES|03|ZARUMILLA|04|PAPAYAL|0001|PAPAYAL|00100|019D|||1|-80.235376|-3.5727546|79.0|1|1|009|1|1|1||1||4||5||1||1||1||4|3|1|2|2|1|2|2|1|2|||||||1|4810.55151984834
68772|00344|0056|1|0098|1|||5|24|TUMBES|03|ZARUMILLA|04|PAPAYAL|0001|PAPAYAL|00100|021B|||1|-80.235633|-3.5712000|56.0|1|1|010|1|1|1||1||4||5||1||1||1||5|3|1|2|2|1|1|2|1|2|||||||1|4810.55151984834
68836|00344|0120|1|0110|1|||5|24|TUMBES|03|ZARUMILLA|04|PAPAYAL|0001|PAPAYAL|00100|028B|||1|-80.237339|-3.5750456|54.0|1|1|012|1|1|1||5||4||6||1||8|RED PUBLICA DE LA CASA DEL VECINO|5||3|2|1|1|2|2|2|2|2|2|||||||2|4810.55151984834
62408|0056501|0007|0||1|||4|20|PIURA|07|TALARA|06|MANCORA|0001|MANCORA|00300|001B|||1|-81.044259|-4.1043908|13.0|1|1|001|1|1|1||1||4||5||1||1||1||4|3|1|1|1|1|1|1|1|2|||||||5|4810.55151984834
62429|0056501|0028|0||1|||4|20|PIURA|07|TALARA|06|MANCORA|0001|MANCORA|00300|001D|||1|-81.044702|-4.1047665|16.0|1|1|002|1|1|1||5||4||6||1||4||5||3|2|1|2|2|2|2|2|2|2|||||||1|4810.55151984834
62439|0056501|0038|0||1|||4|20|PIURA|07|TALARA|06|MANCORA|0001|MANCORA|00300|001D|||1|-81.045050|-4.1047822|12.0|1|1|003|1|1|1||1||1||5||1||1||1||5|4|1|1|2|2|1|2|1|2|||||||1|4810.55151984834
62462|0056501|0061|0||1|||4|20|PIURA|07|TALARA|06|MANCORA|0001|MANCORA|00300|002B|||1|-81.044457|-4.1052934|11.0|1|1|004|1|1|1||1||4||5||1||1||1||4|3|1|2|1|1|1|1|1|2|||||||1|4810.55151984834
62473|0056501|0072|0||1|||4|20|PIURA|07|TALARA|06|MANCORA|0001|MANCORA|00300|003B|||1|-81.042728|-4.1035410|11.0|1|1|005|1|1|1||1||1||3||1||1||1||5|3|1|2|2|1|1|2|1|2|||||||2|4810.55151984834
62495|0056501|0094|0||1|||4|20|PIURA|07|TALARA|06|MANCORA|0001|MANCORA|00300|003B|||1|-81.044162|-4.1046632|10.0|1|1|006|1|1|1||2||1||3||1||1||1||5|3|1|1|2|1|1|2|1|2|||||||1|4810.55151984834
62527|0056501|0126|0||1|||4|20|PIURA|07|TALARA|06|MANCORA|0001|MANCORA|00300|007A|||1|-81.041739|-4.1044320|13.0|1|1|008|1|1|1||1||1||5||1||1||1||2|1|1|1|2|1|2|2|1|2|||||||2|4810.55151984834
62418|0056501|0017|1|0104|1|||4|20|PIURA|07|TALARA|06|MANCORA|0001|MANCORA|00300|001B|||1|-81.044857|-4.1047252|16.0|1|1|009|1|1|1||1||4||6||1||1||5||2|1|2|2|2|2|2|2|1|2|||||||3|4810.55151984834
62235|01037|0004|0||1|||4|20|PIURA|06|SULLANA|07|QUERECOTILLO|0001|QUERECOTILLO|00300|036B|||1|-80.644584|-4.8352110|62.0|1|1|001|1|1|1||1||1||2||1||1||1||4|2|2|2|1|1|2|2|1|2|||||||2|4810.55151984834
62264|01037|0033|0||1|||4|20|PIURA|06|SULLANA|07|QUERECOTILLO|0001|QUERECOTILLO|00300|036B|||1|-80.643208|-4.8344537|71.0|1|1|002|1|1|1||1||1||5||1||1||1||4|3|2|2|1|2|1|2|1|2|||||||2|4810.55151984834
62277|01037|0046|0||1|||4|20|PIURA|06|SULLANA|07|QUERECOTILLO|0001|QUERECOTILLO|00300|036B|||1|-80.642892|-4.8347730|65.0|1|1|003|1|1|1||1||4||5||1||1||1||3|2|1|2|2|2|2|2|2|2|||||||2|4810.55151984834
62349|01037|0118|0||1|||4|20|PIURA|06|SULLANA|07|QUERECOTILLO|0001|QUERECOTILLO|00300|042A|||1|-80.642058|-4.8356072|67.0|1|1|006|1|1|1||1||4||5||1||1||1||4|3|1|2|2|2|1|2|1|2|||||||2|4810.55151984834
62363|01037|0132|0||1|||4|20|PIURA|06|SULLANA|07|QUERECOTILLO|0001|QUERECOTILLO|00300|042A|||1|-80.642796|-4.8358987|65.0|1|1|007|2|1|1||1||4||5||1||1||1||4|3|1|2|2|2|1|2|1|2|||||||1|4810.55151984834
62363|01037|0132|0||1|||4|20|PIURA|06|SULLANA|07|QUERECOTILLO|0001|QUERECOTILLO|00300|042A|||1|-80.642796|-4.8358987|65.0|1|1|007|2|2|1||1||4||5||1||1||1||2|1|2|2|2|1|2|2|1|2|||||||2|4810.55151984834
62392|01037|0161|0||1|||4|20|PIURA|06|SULLANA|07|QUERECOTILLO|0001|QUERECOTILLO|00300|043|||1|-80.644270|-4.8359019|73.0|1|1|008|1|1|1||1||4||5||1||1||1||3|2|1|2|2|1|2|2|1|2|||||||2|4810.55151984834
62292|01037|0061|1|0075|1|||4|20|PIURA|06|SULLANA|07|QUERECOTILLO|0001|QUERECOTILLO|00300|039|||1|-80.642921|-4.8346097|69.0|1|1|010|1|1|1||1||4||5||1||1||1||2|1|2|2|2|1|2|2|1|2|||||||2|4810.55151984834
62335|01037|0104|1|0090|1|||4|20|PIURA|06|SULLANA|07|QUERECOTILLO|0001|QUERECOTILLO|00300|041|||1|-80.644017|-4.8360961|71.0|1|1|011|1|1|1||1||4||6||1||1||1||3|2|1|2|1|1|1|2|1|2|||||||2|4810.55151984834
60407|01324|0005|0||1|||1|20|PIURA|01|PIURA|01|PIURA|0001|PIURA|01800|030|||1|-80.656567|-5.1848142|52.0|1|1|001|1|1|1||1||1||3||1||1||1||5|3|1|1|1|1|1|1|1|2|||||||2|5497.77316554096
60422|01324|0020|0||1|||1|20|PIURA|01|PIURA|01|PIURA|0001|PIURA|01800|031|||1|-80.657166|-5.1839164|51.0|1|1|002|1|1|2||1||1||3||1||2||2||3|2|1|1|1|1|1|1|1|2|||||||1|5497.77316554096
60505|01324|0103|0||1|||1|20|PIURA|01|PIURA|01|PIURA|0001|PIURA|01800|034|||1|-80.657437|-5.1844201|58.0|1|1|005|1|1|2||1||1||3||1||2||2||3|2|1|1|1|1|1|1|1|2|||||||2|5497.77316554096
60551|01324|0149|0||1|||1|20|PIURA|01|PIURA|01|PIURA|0001|PIURA|01800|035|||1|-80.657424|-5.1845335|61.0|1|1|007|1|1|2||1||1||3||1||2||2||3|2|1|1|2|2|1|1|1|2|||||||2|5497.77316554096
60439|01324|0037|1|0120|1|||1|20|PIURA|01|PIURA|01|PIURA|0001|PIURA|01800|031|||1|-80.657143|-5.1844422|58.0|1|1|009|1|1|2||1||1||3||1||2||2||2|1|1|1|1|1|1|1|1|2|||||||2|5497.77316554096
60488|01324|0086|1|0054|1|||1|20|PIURA|01|PIURA|01|PIURA|0001|PIURA|01800|033|||1|-80.657685|-5.1842093|46.0|1|1|010|1|1|1||1||1||3||1||1||1||3|2|1|1|1|1|1|1|1|2|||||||1|5497.77316554096
60537|01324|0135|1|0165|1|||1|20|PIURA|01|PIURA|01|PIURA|0001|PIURA|01800|035|||1|-80.657619|-5.1844842|60.0|1|1|011|1|1|1||1||1||3||1||1||1||3|2|2|1|1|1|2|1|1|2|||||||2|5497.77316554096
60931|0157302|0011|0||1|||1|20|PIURA|01|PIURA|04|CASTILLA|0001|CASTILLA|00500|001A|||1|-80.600909|-5.1818245|57.0|1|1|001|1|1|1||1||1||5||1||1||1||4|1|1|2|2|1|2|2|1|2|||||||1|4810.55151984834
60941|0157302|0021|0||1|||1|20|PIURA|01|PIURA|04|CASTILLA|0001|CASTILLA|00500|001B|||1|-80.601311|-5.1814963|53.0|1|1|002|1|1|1||1||4||6||1||1||1||5|4|1|2|2|1|2|2|1|2|||||||3|4810.55151984834
60968|0157302|0048|0||1|||1|20|PIURA|01|PIURA|04|CASTILLA|0001|CASTILLA|00500|001F|||1|-80.600115|-5.1811744|47.0|1|1|003|1|1|1||1||1||5||1||1||3||3|2|1|2|2|1|1|2|1|2|||||||1|4810.55151984834
61004|0157302|0084|0||1|||1|20|PIURA|01|PIURA|04|CASTILLA|0001|CASTILLA|00500|002A|||1|-80.599491|-5.1814988|48.0|1|1|005|1|1|1||1||4||6||1||1||1||4|3|1|2|2|2|1|2|1|2|||||||2|4810.55151984834
61016|0157302|0096|0||1|||1|20|PIURA|01|PIURA|04|CASTILLA|0001|CASTILLA|00500|002A|||1|-80.599455|-5.1819391|53.0|1|1|006|1|1|1||1||4||6||1||1||1||4|3|1|2|2|2|2|2|1|2|||||||3|4810.55151984834
61038|0157302|0118|0||1|||1|20|PIURA|01|PIURA|04|CASTILLA|0001|CASTILLA|00500|004|||1|-80.598517|-5.1816549|53.0|1|1|007|1|1|1||3||4||6||1||1||1||5|4|1|2|1|1|2|2|1|2|||||||1|4810.55151984834
60951|0157302|0031|1|0060|1|||1|20|PIURA|01|PIURA|04|CASTILLA|0001|CASTILLA|00500|001B|||1|-80.601131|-5.1818815|48.0|1|1|009|1|1|1||1||1||3||1||1||4||4|2|2|2|1|1|2|2|1|2|||||||2|4810.55151984834
60992|0157302|0072|1|0128|1|||1|20|PIURA|01|PIURA|04|CASTILLA|0001|CASTILLA|00500|001F|||1|-80.600200|-5.1816539|52.0|1|1|010|1|1|1||1||4||5||1||1||1||6|4|1|2|2|1|2|2|1|2|||||||1|4810.55151984834
61198|01986|0007|0||1|||2|20|PIURA|01|PIURA|14|TAMBO GRANDE|0001|TAMBO GRANDE|00100|038A|||1|-80.346839|-4.9279339|70.0|1|1|001|1|1|1||1||1||3||1||1||1||7|4|1|1|1|1|1|2|1|2|||||||7|4810.55151984834
61241|01986|0050|0||1|||2|20|PIURA|01|PIURA|14|TAMBO GRANDE|0001|TAMBO GRANDE|00100|041|||1|-80.344014|-4.9278194|80.0|1|1|003|1|1|1||1||1||5||1||1||1||4|2|1|2|2|1|1|1|1|2|||||||3|4810.55151984834
61256|01986|0065|0||1|||2|20|PIURA|01|PIURA|14|TAMBO GRANDE|0001|TAMBO GRANDE|00100|041|||1|-80.344635|-4.9277327|77.0|1|1|004|1|1|1||1||4||5||1||1||1||5|4|1|2|2|2|1|2|2|2|||||||1|4810.55151984834
61285|01986|0094|0||1|||2|20|PIURA|01|PIURA|14|TAMBO GRANDE|0001|TAMBO GRANDE|00100|042|||1|-80.343539|-4.9282184|75.0|1|1|005|1|1|1||1||4||5||1||1||1||2|1|1|2|2|2|2|2|2|2|||||||1|4810.55151984834
61334|01986|0143|0||1|||2|20|PIURA|01|PIURA|14|TAMBO GRANDE|0001|TAMBO GRANDE|00100|043|||1|-80.342757|-4.9271321|88.0|1|1|007|1|1|1||5||4||6||1||1||1||2|1|2|2|2|1|2|2|1|2|||||||2|4810.55151984834
61348|01986|0157|0||1|||2|20|PIURA|01|PIURA|14|TAMBO GRANDE|0001|TAMBO GRANDE|00100|044|||1|-80.343082|-4.9276737|84.0|1|1|008|1|1|1||1||4||6||1||1||1||3|2|2|2|2|1|2|2|1|2|||||||2|4810.55151984834
61227|01986|0036|1|0021|1|||2|20|PIURA|01|PIURA|14|TAMBO GRANDE|0001|TAMBO GRANDE|00100|041|||1|-80.344073|-4.9268272|82.0|1|1|009|1|1|1||1||4||5||1||1||1||3|2|1|2|2|1|2|2|1|2|||||||2|4810.55151984834
61270|01986|0079|1|0110|1|||2|20|PIURA|01|PIURA|14|TAMBO GRANDE|0001|TAMBO GRANDE|00100|041|||1|-80.344555|-4.9274658|72.0|1|1|010|1|1|1||1||4||6||1||1||1||3|2|2|2|2|1|1|2|1|2|||||||1|4810.55151984834
61871|02601|0038|0||1|||3|20|PIURA|04|MORROPON|09|SANTO DOMINGO|0033|SAN MIGUEL|||003|005|5|-79.857195|-5.0369144|1578.0|1|1|001|1|1|1||3||4||6||3||3||4||3|2|2|2|2|2|2|2|2|2|||||||2|4671.56925571087
61872|02601|0039|0||1|||3|20|PIURA|04|MORROPON|09|SANTO DOMINGO|0033|SAN MIGUEL|||003|005|5|-79.857481|-5.0367934|1581.0|1|1|002|1|1|1||3||4||6||1||3||4||3|2|2|2|2|2|2|2|2|2|||||||1|4671.56925571087
61873|02601|0040|0||1|||3|20|PIURA|04|MORROPON|09|SANTO DOMINGO|0033|SAN MIGUEL|||003|005|5|-79.857496|-5.0368074|1574.0|1|1|003|1|1|1||3||4||6||1||3||4||3|2|2|2|2|2|2|2|2|2|||||||1|4671.56925571087
61874|02601|0041|0||1|||3|20|PIURA|04|MORROPON|09|SANTO DOMINGO|0033|SAN MIGUEL|||003|005|5|-79.857870|-5.0380696|1569.0|1|1|004|1|1|1||3||4||6||1||3||4||3|2|2|2|2|2|2|2|2|2|||||||2|4671.56925571087
61918|02601|0085|0||1|||3|20|PIURA|04|MORROPON|09|SANTO DOMINGO|0033|SAN MIGUEL|||003|005|5|-79.857400|-5.0368689|1574.0|1|1|006|1|1|1||3||4||6||1||3||4||2|1|2|2|2|2|2|2|2|2|||||||1|4671.56925571087
61919|02601|0086|0||1|||3|20|PIURA|04|MORROPON|09|SANTO DOMINGO|0033|SAN MIGUEL|||003|005|5|-79.858042|-5.0316594|1563.0|1|1|007|1|1|1||3||4||6||5|PANEL SOLAR|3||4||5|4|2|2|2|2|2|2|2|2|||||||2|4671.56925571087
61920|02601|0087|0||1|||3|20|PIURA|04|MORROPON|09|SANTO DOMINGO|0033|SAN MIGUEL|||003|005|5|-79.857911|-5.0331543|1573.0|1|1|008|1|1|1||3||4||6||3||3||4||2|1|2|2|2|2|2|2|2|2|||||||2|4671.56925571087
61916|02601|0083|1|0084|1|||3|20|PIURA|04|MORROPON|09|SANTO DOMINGO|0033|SAN MIGUEL|||003|005|5|-79.857036|-5.0364861|1577.0|1|1|012|1|1|1||3||4||6||3||3||4||2|1|2|2|2|2|2|2|2|2|||||||1|4671.56925571087
61935|02722|0009|0||1|||3|20|PIURA|04|MORROPON|10|YAMANGO|0061|FERNANDO BELAUNDE|||001|002|5|-79.735085|-5.1188986|1682.0|1|1|001|1|1|1||3||4||6||5|PANEL SOLAR|7||7||2|1|2|2|2|2|2|2|2|2|||||||1|4671.56925571087
61936|02722|0010|0||1|||3|20|PIURA|04|MORROPON|10|YAMANGO|0061|FERNANDO BELAUNDE|||001|002|5|-79.731235|-5.1162981|1789.0|1|1|002|1|1|1||3||4||6||5|PANEL SOLAR|7||5||2|1|2|2|2|2|2|2|1|2|||||||2|4671.56925571087
61937|02722|0011|0||1|||3|20|PIURA|04|MORROPON|10|YAMANGO|0061|FERNANDO BELAUNDE|||001|002|5|-79.731127|-5.1164809|1766.0|1|1|003|1|1|1||3||4||6||5|PANEL SOLAR|6||7||3|2|2|2|2|2|2|2|2|2|||||||1|4671.56925571087
61938|02722|0012|0||1|||3|20|PIURA|04|MORROPON|10|YAMANGO|0061|FERNANDO BELAUNDE|||001|002|5|-79.731806|-5.1158735|1814.0|1|1|004|1|1|1||3||4||6||5|LINTERNA A PILAS|7||7||4|3|2|2|2|2|2|2|2|2|||||||2|4671.56925571087
62003|02722|0077|0||1|||3|20|PIURA|04|MORROPON|10|YAMANGO|0008|TABLONES|||001|002|5|-79.731331|-5.1000108|2418.0|1|1|005|1|1|1||8||4||6||1||2||5||1|0|2|2|2|2|2|2|2|2|||||||1|4671.56925571087
62004|02722|0078|0||1|||3|20|PIURA|04|MORROPON|10|YAMANGO|0008|TABLONES|||001|002|5|-79.731191|-5.0999768|2397.0|1|1|006|1|1|1||3||3||6||1||1||5||4|3|2|2|2|2|2|2|1|2|||||||1|4671.56925571087
62005|02722|0079|0||1|||3|20|PIURA|04|MORROPON|10|YAMANGO|0008|TABLONES|||001|002|5|-79.738444|-5.0961813|2427.0|1|1|007|1|1|1||3||3||6||5|PANEL SOLAR|7||7||3|2|2|2|2|2|2|2|2|2|||||||1|4671.56925571087
62006|02722|0080|0||1|||3|20|PIURA|04|MORROPON|10|YAMANGO|0008|TABLONES|||001|002|5|-79.734306|-5.1060295|2275.0|1|1|008|1|1|1||3||3||6||5|LINTERNA A PILAS|1||5||3|2|2|2|2|2|2|2|2|2|||||||2|4671.56925571087
23704|03148|0013|0||1|||5|14|LAMBAYEQUE|03|LAMBAYEQUE|08|OLMOS|0083|CORRAL DE ARENA LA ESPERA|||023|024|5|-79.832152|-5.9012528|121.0|1|1|001|1|1|1||8||4||5||1||1||1||2|0|2|2|2|2|2|2|2|2|||||||1|4671.56925571087
23706|03148|0015|0||1|||5|14|LAMBAYEQUE|03|LAMBAYEQUE|08|OLMOS|0083|CORRAL DE ARENA LA ESPERA|||023|024|5|-79.831746|-5.8994938|130.0|1|1|003|1|1|1||3||4||6||1||1||5||3|2|2|2|2|2|2|2|1|2|||||||1|4671.56925571087
23781|03148|0090|0||1|||5|14|LAMBAYEQUE|03|LAMBAYEQUE|08|OLMOS|0083|CORRAL DE ARENA LA ESPERA|||023|024|5|-79.832118|-5.8990569|128.0|1|1|005|1|1|1||3||4||5||1||1||1||1|1|2|2|2|2|2|2|1|2|||||||1|4671.56925571087
23782|03148|0091|0||1|||5|14|LAMBAYEQUE|03|LAMBAYEQUE|08|OLMOS|0083|CORRAL DE ARENA LA ESPERA|||023|024|5|-79.832061|-5.8990528|125.0|1|1|006|1|1|1||3||4||6||1||2||3||2|1|1|2|2|2|2|2|1|2|||||||2|4671.56925571087
23783|03148|0092|0||1|||5|14|LAMBAYEQUE|03|LAMBAYEQUE|08|OLMOS|0083|CORRAL DE ARENA LA ESPERA|||023|024|5|-79.831916|-5.8991494|124.0|1|1|007|1|1|1||3||4||5||1||1||3||2|1|2|2|2|1|1|2|1|2|||||||2|4671.56925571087
23784|03148|0093|0||1|||5|14|LAMBAYEQUE|03|LAMBAYEQUE|08|OLMOS|0083|CORRAL DE ARENA LA ESPERA|||023|024|5|-79.831980|-5.8990677|120.0|1|1|008|1|1|1||3||4||5||1||1||5||3|2|1|2|2|1|2|2|1|2|||||||1|4671.56925571087
23777|03148|0086|1|0014|1|||5|14|LAMBAYEQUE|03|LAMBAYEQUE|08|OLMOS|0083|CORRAL DE ARENA LA ESPERA|||023|024|5|-79.838687|-5.9003603|113.0|1|1|009|1|1|1||3||4||5||1||1||3||2|1|2|2|2|2|2|2|1|2|||||||2|4671.56925571087
23778|03148|0087|1|0016|1|||5|14|LAMBAYEQUE|03|LAMBAYEQUE|08|OLMOS|0083|CORRAL DE ARENA LA ESPERA|||023|024|5|-79.838528|-5.9004193|142.0|1|1|010|1|1|1||3||4||6||1||1||1||2|2|2|2|2|2|2|2|1|2|||||||1|4671.56925571087
22441|03338|0006|0||1|||1|14|LAMBAYEQUE|01|CHICLAYO|01|CHICLAYO|0001|CHICLAYO|00600|024|||1|-79.850541|-6.7613425|36.0|1|1|001|1|1|1||2||1||3||1||1||1||4|3|1|2|2|2|2|2|1|2|||||||1|4810.55151984834
22514|03338|0079|0||1|||1|14|LAMBAYEQUE|01|CHICLAYO|01|CHICLAYO|0001|CHICLAYO|00600|027|||1|-79.852178|-6.7609811|41.0|1|1|004|1|1|1||1||1||3||1||1||1||5|4|1|1|1|1|1|1|1|2|||||||2|4810.55151984834
22528|03338|0093|0||1|||1|14|LAMBAYEQUE|01|CHICLAYO|01|CHICLAYO|0001|CHICLAYO|00600|028|||1|-79.852300|-6.7606241|42.0|1|1|005|1|1|1||1||1||5||1||1||1||4|4|2|2|1|1|1|2|1|2|||||||1|4810.55151984834
22556|03338|0121|0||1|||1|14|LAMBAYEQUE|01|CHICLAYO|01|CHICLAYO|0001|CHICLAYO|00600|029|||1|-79.852926|-6.7611857|36.0|1|1|006|1|1|1||1||1||3||1||1||1||3|2|1|2|1|1|2|2|1|2|||||||1|4810.55151984834
22569|03338|0134|0||1|||1|14|LAMBAYEQUE|01|CHICLAYO|01|CHICLAYO|0001|CHICLAYO|00600|030|||1|-79.852972|-6.7606372|45.0|1|1|007|1|1|1||3||4||5||1||1||1||3|2|1|1|2|2|2|2|1|2|||||||1|4810.55151984834
22597|03338|0162|0||1|||1|14|LAMBAYEQUE|01|CHICLAYO|01|CHICLAYO|0001|CHICLAYO|00600|032A|||1|-79.853323|-6.7619608|52.0|1|1|008|1|1|1||1||1||5||1||1||1||4|3|1|2|2|2|2|2|1|2|||||||3|4810.55151984834
22456|03338|0021|1|0035|1|||1|14|LAMBAYEQUE|01|CHICLAYO|01|CHICLAYO|0001|CHICLAYO|00600|024|||1|-79.850954|-6.7613845|39.0|1|1|009|1|1|1||1||1||5||1||1||1||3|2|1|1|2|1|2|1|1|2|||||||3|4810.55151984834
22500|03338|0065|1|0050|1|||1|14|LAMBAYEQUE|01|CHICLAYO|01|CHICLAYO|0001|CHICLAYO|00600|026|||1|-79.851373|-6.7609573|35.0|1|1|010|1|1|1||1||1||3||1||1||1||3|2|1|1|1|1|1|2|1|2|||||||2|4810.55151984834
22634|03804|0029|0||1|||1|14|LAMBAYEQUE|01|CHICLAYO|05|JOSE LEONARDO ORTIZ|0001|JOSE LEONARDO ORTIZ|01500|033|||1|-79.837238|-6.7597976|44.0|1|1|002|1|1|1||1||1||3||1||1||1||3|1|1|1|2|1|1|1|1|2|||||||1|4810.55151984834
22680|03804|0075|0||1|||1|14|LAMBAYEQUE|01|CHICLAYO|05|JOSE LEONARDO ORTIZ|0001|JOSE LEONARDO ORTIZ|01500|034|||1|-79.837892|-6.7593152|44.0|1|1|004|1|1|1||1||1||5||1||1||1||4|3|1|2|2|2|2|2|1|2|||||||1|4810.55151984834
22693|03804|0088|0||1|||1|14|LAMBAYEQUE|01|CHICLAYO|05|JOSE LEONARDO ORTIZ|0001|JOSE LEONARDO ORTIZ|01500|034|||1|-79.837743|-6.7597505|44.0|1|1|005|1|1|1||3||1||5||1||1||1||3|2|1|1|1|1|2|2|1|2|||||||4|4810.55151984834
22720|03804|0115|0||1|||1|14|LAMBAYEQUE|01|CHICLAYO|05|JOSE LEONARDO ORTIZ|0001|JOSE LEONARDO ORTIZ|01500|035|||1|-79.838237|-6.7595522|49.0|1|1|006|1|1|1||1||4||5||1||1||1||4|2|2|2|2|2|2|2|1|2|||||||1|4810.55151984834
22737|03804|0132|0||1|||1|14|LAMBAYEQUE|01|CHICLAYO|05|JOSE LEONARDO ORTIZ|0001|JOSE LEONARDO ORTIZ|01500|036|||1|-79.838957|-6.7591486|40.0|1|1|007|1|1|1||1||1||3||1||1||1||3|2|1|2|1|1|1|1|1|2|||||||2|4810.55151984834
22763|03804|0158|0||1|||1|14|LAMBAYEQUE|01|CHICLAYO|05|JOSE LEONARDO ORTIZ|0001|JOSE LEONARDO ORTIZ|01500|036|||1|-79.839250|-6.7595364|28.0|1|1|008|1|1|1||1||1||3||1||1||1||4|3|1|1|2|2|2|2|1|2|||||||1|4810.55151984834
22621|03804|0016|1|0003|1|||1|14|LAMBAYEQUE|01|CHICLAYO|05|JOSE LEONARDO ORTIZ|0001|JOSE LEONARDO ORTIZ|01500|033|||1|-79.837260|-6.7595605|34.0|1|1|009|1|1|2||1||1||3||1||1||1||3|2|1|2|2|1|2|2|1|2|||||||2|4810.55151984834
22665|03804|0060|1|0046|1|||1|14|LAMBAYEQUE|01|CHICLAYO|05|JOSE LEONARDO ORTIZ|0001|JOSE LEONARDO ORTIZ|01500|033|||1|-79.837674|-6.7598702|41.0|1|1|010|1|1|1||3||5||5||1||1||1||3|2|1|2|2|1|2|2|1|2|||||||1|4810.55151984834
23105|04094|0008|0||1|||2|14|LAMBAYEQUE|01|CHICLAYO|12|PIMENTEL|0008|LA PRADERA|00600|001|||1|-79.888144|-6.7781958|25.0|1|1|001|1|1|1||1||1||5||1||1||1||2|1|2|2|2|1|2|2|1|2|||||||1|4810.55151984834
23131|04094|0034|0||1|||2|14|LAMBAYEQUE|01|CHICLAYO|12|PIMENTEL|0008|LA PRADERA|00600|002|||1|-79.888133|-6.7780560|30.0|1|1|002|1|1|1||1||1||5||1||1||1||2|1|1|1|2|1|2|2|1|2|||||||1|4810.55151984834
23144|04094|0047|0||1|||2|14|LAMBAYEQUE|01|CHICLAYO|12|PIMENTEL|0008|LA PRADERA|00600|003|||1|-79.887155|-6.7779668|31.0|1|1|003|1|1|1||3||4||5||1||8|RED PUBLICA DE LA CASA DEL VECINO|1||5|3|1|2|2|1|2|2|1|2|||||||2|4810.55151984834
23170|04094|0073|0||1|||2|14|LAMBAYEQUE|01|CHICLAYO|12|PIMENTEL|0008|LA PRADERA|00600|005|||1|-79.887368|-6.7783311|32.0|1|1|004|1|1|1||1||4||5||1||3||1||3|2|1|2|1|1|2|2|1|2|||||||2|4810.55151984834
23187|04094|0090|0||1|||2|14|LAMBAYEQUE|01|CHICLAYO|12|PIMENTEL|0008|LA PRADERA|00600|006|||1|-79.886931|-6.7782330|34.0|1|1|005|1|1|1||1||1||5||1||1||1||1|0|1|1|2|2|2|2|1|2|||||||1|4810.55151984834
23213|04094|0116|0||1|||2|14|LAMBAYEQUE|01|CHICLAYO|12|PIMENTEL|0008|LA PRADERA|00600|007|||1|-79.886068|-6.7785142|38.0|1|1|006|1|1|1||1||1||3||1||1||1||6|5|1|2|2|1|2|2|1|2|||||||2|4810.55151984834
23227|04094|0130|0||1|||2|14|LAMBAYEQUE|01|CHICLAYO|12|PIMENTEL|0008|LA PRADERA|00600|008|||1|-79.885429|-6.7783653|38.0|1|1|007|1|1|1||1||1||3||1||1||1||1|0|2|2|2|1|2|2|1|1|SAN MARTIN|22|RIOJA|08|NUEVA CAJAMARCA|04|1|4810.55151984834
23117|04094|0020|1|0159|1|||2|14|LAMBAYEQUE|01|CHICLAYO|12|PIMENTEL|0008|LA PRADERA|00600|001|||1|-79.888493|-6.7777594|43.0|1|1|009|1|1|1||1||1||5||1||1||1||6|5|1|1|1|1|2|2|1|2|||||||2|4810.55151984834
23265|04182|0003|0||1|||4|14|LAMBAYEQUE|01|CHICLAYO|16|CAYALTI|0001|CAYALTI|00200|011|||1|-79.556559|-6.8860538|97.0|1|1|001|1|1|1||3||5||5||1||1||1||5|3|1|2|2|2|1|1|2|2|||||||2|4810.55151984834
23292|04182|0030|0||1|||4|14|LAMBAYEQUE|01|CHICLAYO|16|CAYALTI|0001|CAYALTI|00200|012|||1|-79.556952|-6.8865675|88.0|1|1|002|1|1|1||3||5||5||1||1||1||1|0|1|2|2|1|1|2|1|2|||||||2|4810.55151984834
23307|04182|0045|0||1|||4|14|LAMBAYEQUE|01|CHICLAYO|16|CAYALTI|0001|CAYALTI|00200|015|||1|-79.557668|-6.8864159|88.0|1|1|003|1|1|1||1||1||3||1||1||1||4|3|1|1|1|1|2|2|1|2|||||||2|4810.55151984834
23336|04182|0074|0||1|||4|14|LAMBAYEQUE|01|CHICLAYO|16|CAYALTI|0001|CAYALTI|00200|017A|||1|-79.557124|-6.8868533|90.0|1|1|004|1|1|1||1||1||5||1||1||1||2|1|1|2|2|1|1|2|1|2|||||||1|4810.55151984834
23352|04182|0090|0||1|||4|14|LAMBAYEQUE|01|CHICLAYO|16|CAYALTI|0001|CAYALTI|00200|020|||1|-79.557750|-6.8871456|88.0|1|1|005|1|1|1||1||1||5||1||1||1||3|2|2|2|2|2|1|2|1|2|||||||1|4810.55151984834
23380|04182|0118|0||1|||4|14|LAMBAYEQUE|01|CHICLAYO|16|CAYALTI|0001|CAYALTI|00200|023|||1|-79.558104|-6.8865523|87.0|1|1|006|1|1|1||1||4||5||1||1||1||2|1|2|2|2|1|1|2|1|2|||||||2|4810.55151984834
23322|04182|0060|1|0133|1|||4|14|LAMBAYEQUE|01|CHICLAYO|16|CAYALTI|0001|CAYALTI|00200|016|||1|-79.557603|-6.8864380|85.0|1|1|010|1|1|1||3||5||5||1||1||1||4|3|1|1|2|1|1|2|1|2|||||||1|4810.55151984834
23366|04182|0104|1|0161|1|||4|14|LAMBAYEQUE|01|CHICLAYO|16|CAYALTI|0001|CAYALTI|00200|021|||1|-79.557918|-6.8872313|94.0|1|1|011|1|1|1||1||1||5||1||1||1||3|2|1|1|2|1|1|2|1|2|||||||3|4810.55151984834
23483|0431701|0047|0||1|||4|14|LAMBAYEQUE|01|CHICLAYO|20|TUMAN|0001|TUMAN|00300|047C|||1|-79.698953|-6.7443595|74.0|1|1|004|1|1|1||1||1||3||1||1||1||2|1|2|2|2|2|2|2|1|2|||||||1|4810.55151984834
23503|0431701|0067|0||1|||4|14|LAMBAYEQUE|01|CHICLAYO|20|TUMAN|0001|TUMAN|00300|047C|||1|-79.699136|-6.7432461|64.0|1|1|005|1|1|1||3||4||6||1||8|RED PUBLICA DE LA CASA DEL VECINO|7||2|1|2|2|2|2|2|2|2|2|||||||1|4810.55151984834
23513|0431701|0077|0||1|||4|14|LAMBAYEQUE|01|CHICLAYO|20|TUMAN|0001|TUMAN|00300|048|||1|-79.698480|-6.7445314|74.0|1|1|006|1|1|1||3||4||5||1||1||1||2|1|1|2|2|2|2|2|1|2|||||||2|4810.55151984834
23534|0431701|0098|0||1|||4|14|LAMBAYEQUE|01|CHICLAYO|20|TUMAN|0001|TUMAN|00300|049|||1|-79.698937|-6.7443991|75.0|1|1|007|1|1|1||3||4||5||1||1||1||5|4|1|2|2|1|1|2|1|2|||||||4|4810.55151984834
23544|0431701|0108|0||1|||4|14|LAMBAYEQUE|01|CHICLAYO|20|TUMAN|0001|TUMAN|00300|049|||1|-79.699492|-6.7444553|72.0|1|1|008|1|1|1||3||4||5||1||1||1||6|4|1|2|2|1|1|2|1|2|||||||8|4810.55151984834
23461|0431701|0025|1|0015|1|||4|14|LAMBAYEQUE|01|CHICLAYO|20|TUMAN|0001|TUMAN|00300|047C|||1|-79.698416|-6.7433738|72.0|1|1|009|1|1|1||1||1||3||1||1||1||3|2|1|2|1|1|2|2|1|2|||||||2|4810.55151984834
23493|0431701|0057|1|0005|1|||4|14|LAMBAYEQUE|01|CHICLAYO|20|TUMAN|0001|TUMAN|00300|047C|||1|-79.699078|-6.7435842|71.0|1|1|010|1|1|1||1||4||5||1||1||1||5|4|2|2|2|2|2|2|1|2|||||||1|4810.55151984834
23473|0431701|0037|1|0035|1|||4|14|LAMBAYEQUE|01|CHICLAYO|20|TUMAN|0001|TUMAN|00300|047C|||1|-79.698536|-6.7440964|70.0|1|1|013|1|1|1||3||5||5||1||1||1||5|3|2|2|2|1|2|2|1|2|||||||1|4810.55151984834
9503|04418|0029|0||1|||5|06|CAJAMARCA|09|SAN IGNACIO|07|TABACONAS|0078|LA BERMEJA|||026|027|5|-79.159882|-5.3972394|1354.0|1|1|001|1|1|1||3||4||5||1||1||1||1|1|1|2|2|2|2|2|1|2|||||||1|4671.56925571087
9504|04418|0030|0||1|||5|06|CAJAMARCA|09|SAN IGNACIO|07|TABACONAS|0078|LA BERMEJA|||026|027|5|-79.159734|-5.3972293|1344.0|1|1|002|1|1|1||3||4||6||1||1||1||3|3|2|2|2|2|1|2|1|1|CAJAMARCA|06|SAN IGNACIO|09|TABACONAS|07|2|4671.56925571087
9505|04418|0031|0||1|||5|06|CAJAMARCA|09|SAN IGNACIO|07|TABACONAS|0078|LA BERMEJA|||026|027|5|-79.159633|-5.3972723|1342.0|1|1|003|1|1|1||3||4||5||1||1||1||4|3|2|2|2|2|2|2|1|1|CAJAMARCA|06|SAN IGNACIO|09|TABACONAS|07|2|4671.56925571087
9506|04418|0032|0||1|||5|06|CAJAMARCA|09|SAN IGNACIO|07|TABACONAS|0078|LA BERMEJA|||026|027|5|-79.159680|-5.3972396|1348.0|1|1|004|1|1|1||3||4||5||1||1||1||1|1|2|2|2|2|2|2|1|2|||||||2|4671.56925571087
9580|04418|0106|0||1|||5|06|CAJAMARCA|09|SAN IGNACIO|07|TABACONAS|0078|LA BERMEJA|||026|027|5|-79.160134|-5.3966894|1357.0|1|1|005|1|1|1||3||4||5||1||1||1||1|1|1|2|1|1|1|2|1|1|CAJAMARCA|06|JAEN|08|JAEN|01|2|4671.56925571087
9582|04418|0108|0||1|||5|06|CAJAMARCA|09|SAN IGNACIO|07|TABACONAS|0078|LA BERMEJA|||026|027|5|-79.160071|-5.3966622|1351.0|1|1|007|1|1|1||3||4||6||1||2||2||1|1|1|2|2|2|2|2|1|1|CAJAMARCA|06|SAN IGNACIO|09|TABACONAS|07|2|4671.56925571087
9583|04418|0109|0||1|||5|06|CAJAMARCA|09|SAN IGNACIO|07|TABACONAS|0078|LA BERMEJA|||026|027|5|-79.159993|-5.3967994|1353.0|1|1|008|1|1|1||3||4||5||1||1||1||2|1|2|2|2|2|2|2|1|2|||||||2|4671.56925571087
9579|04418|0105|1|0107|1|||5|06|CAJAMARCA|09|SAN IGNACIO|07|TABACONAS|0078|LA BERMEJA|||026|027|5|-79.160649|-5.3965999|1325.0|1|1|012|1|1|1||3||4||5||1||1||1||1|1|1|1|2|2|1|2|1|2|||||||2|4671.56925571087
9181|04529|0030|0||1|||6|06|CAJAMARCA|09|SAN IGNACIO|01|SAN IGNACIO|0013|URRANCHE|||006|007|5|-79.047158|-5.0856790|1462.0|1|1|001|1|1|1||3||4||5||1||1||1||2|1|1|2|2|2|2|2|1|2|||||||1|4671.56925571087
9182|04529|0031|0||1|||6|06|CAJAMARCA|09|SAN IGNACIO|01|SAN IGNACIO|0013|URRANCHE|||006|007|5|-79.047062|-5.0857046|1479.0|1|1|002|1|1|1||3||4||6||1||1||1||2|1|1|2|2|2|2|2|1|2|||||||1|4671.56925571087
9183|04529|0032|0||1|||6|06|CAJAMARCA|09|SAN IGNACIO|01|SAN IGNACIO|0013|URRANCHE|||006|007|5|-79.047089|-5.0855988|1474.0|1|1|003|1|1|1||3||4||6||1||1||3||2|2|2|2|2|2|2|2|1|1|CAJAMARCA|06|SAN IGNACIO|09|SAN IGNACIO|01|1|4671.56925571087
9184|04529|0033|0||1|||6|06|CAJAMARCA|09|SAN IGNACIO|01|SAN IGNACIO|0013|URRANCHE|||006|007|5|-79.047138|-5.0853940|1477.0|1|1|004|1|1|1||3||4||6||1||1||1||3|2|2|2|2|2|2|2|2|2|||||||2|4671.56925571087
9242|04529|0091|0||1|||6|06|CAJAMARCA|09|SAN IGNACIO|01|SAN IGNACIO|0013|URRANCHE|||006|007|5|-79.045896|-5.0795462|1467.0|1|1|006|1|1|1||3||4||5||1||1||3||6|1|2|2|2|2|1|2|1|2|||||||2|4671.56925571087
9243|04529|0092|0||1|||6|06|CAJAMARCA|09|SAN IGNACIO|01|SAN IGNACIO|0013|URRANCHE|||006|007|5|-79.045710|-5.0795992|1461.0|1|1|007|1|1|1||3||4||5||1||1||3||2|1|1|2|2|2|2|2|2|2|||||||1|4671.56925571087
9244|04529|0093|0||1|||6|06|CAJAMARCA|09|SAN IGNACIO|01|SAN IGNACIO|0013|URRANCHE|||006|007|5|-79.046685|-5.0803308|1468.0|1|1|008|1|1|1||3||4||6||1||1||3||1|1|1|2|2|2|1|2|1|2|||||||2|4671.56925571087
9240|04529|0089|1|0090|1|||6|06|CAJAMARCA|09|SAN IGNACIO|01|SAN IGNACIO|0013|URRANCHE|||006|007|5|-79.044434|-5.0776043|1458.0|1|1|012|1|1|1||3||4||6||1||1||3||3|1|1|2|2|2|2|2|1|2|||||||1|4671.56925571087
9279|04550|0006|0||1|||6|06|CAJAMARCA|09|SAN IGNACIO|05|NAMBALLE|0001|NAMBALLE|00100|001C|||4|-79.089905|-4.9984136|692.0|1|1|001|1|1|1||1||4||5||1||2||2||1|1|1|2|2|2|2|2|1|1|CAJAMARCA|06|SAN IGNACIO|09|NAMBALLE|05|1|4671.56925571087
9295|04550|0022|0||1|||6|06|CAJAMARCA|09|SAN IGNACIO|05|NAMBALLE|0001|NAMBALLE|00100|004|||4|-79.089867|-4.9999809|701.0|1|1|002|1|1|1||1||1||5||1||1||1||4|1|2|2|1|1|1|2|1|1|CAJAMARCA|06|SAN IGNACIO|09|NAMBALLE|05|1|4671.56925571087
9349|04550|0076|0||1|||6|06|CAJAMARCA|09|SAN IGNACIO|05|NAMBALLE|0001|NAMBALLE|00100|013|||4|-79.090292|-5.0005967|699.0|1|1|004|1|1|1||3||4||5||1||1||1||3|2|1|2|2|2|2|2|1|2|||||||1|4671.56925571087
9400|04550|0127|0||1|||6|06|CAJAMARCA|09|SAN IGNACIO|05|NAMBALLE|0001|NAMBALLE|00100|018|||4|-79.088914|-5.0012142|697.0|1|1|006|1|1|1||1||1||5||1||1||1||5|4|1|2|2|1|2|2|1|1|CAJAMARCA|06|SAN IGNACIO|09|NAMBALLE|05|1|4671.56925571087
9431|04550|0158|0||1|||6|06|CAJAMARCA|09|SAN IGNACIO|05|NAMBALLE|0001|NAMBALLE|00100|024|||4|-79.088042|-5.0029678|690.0|1|1|007|1|1|1||3||4||5||1||1||1||1|1|2|2|2|2|2|2|2|2|||||||1|4671.56925571087
9464|04550|0191|1|0057|1|||6|06|CAJAMARCA|09|SAN IGNACIO|05|NAMBALLE|0001|NAMBALLE|00100|029|||4|-79.088109|-5.0027843|703.0|1|1|012|1|1|1||3||4||5||1||1||1||3|2|1|2|2|2|2|2|1|2|||||||1|4671.56925571087
9385|04550|0112|1|0109|1|||6|06|CAJAMARCA|09|SAN IGNACIO|05|NAMBALLE|0001|NAMBALLE|00100|017|||4|-79.089162|-5.0004009|702.0|1|1|014|1|1|1||1||1||5||1||2||2||1|1|2|2|1|1|2|2|1|2|||||||1|4671.56925571087
9450|04550|0177|1|0175|1|||6|06|CAJAMARCA|09|SAN IGNACIO|05|NAMBALLE|0001|NAMBALLE|00100|026|||4|-79.088236|-5.0015377|691.0|1|1|015|1|1|1||1||1||5||1||5||1||2|1|2|2|1|1|2|2|1|2|||||||2|4671.56925571087
8741|04895|0010|0||1|||4|06|CAJAMARCA|06|CUTERVO|08|SAN ANDRES DE CUTERVO|0007|LA SUCCHA|||007|007|5|-78.695932|-6.2382186|2126.0|1|1|001|1|1|1||4||4||6||1||1||5||1|1|2|2|2|2|2|2|2|2|||||||1|4671.56925571087
8742|04895|0011|0||1|||4|06|CAJAMARCA|06|CUTERVO|08|SAN ANDRES DE CUTERVO|0007|LA SUCCHA|||007|007|5|-78.684058|-6.2438883|2246.0|1|1|002|1|1|1||4||4||6||3||1||5||1|1|2|2|2|2|2|2|2|2|||||||2|4671.56925571087
8743|04895|0012|0||1|||4|06|CAJAMARCA|06|CUTERVO|08|SAN ANDRES DE CUTERVO|0007|LA SUCCHA|||007|007|5|-78.697224|-6.2359727|2050.0|1|1|003|1|1|1||4||4||6||1||1||5||2|2|2|2|2|2|2|2|1|2|||||||1|4671.56925571087
8744|04895|0013|0||1|||4|06|CAJAMARCA|06|CUTERVO|08|SAN ANDRES DE CUTERVO|0007|LA SUCCHA|||007|007|5|-78.697736|-6.2344062|2022.0|1|1|004|1|1|1||1||4||6||1||1||5||1|1|2|2|2|2|2|2|1|2|||||||1|4671.56925571087
8797|04895|0066|0||1|||4|06|CAJAMARCA|06|CUTERVO|08|SAN ANDRES DE CUTERVO|0007|LA SUCCHA|||007|007|5|-78.692054|-6.2331272|2124.0|1|1|005|1|1|1||4||4||6||1||1||5||1|1|2|2|2|2|2|2|1|2|||||||1|4671.56925571087
8798|04895|0067|0||1|||4|06|CAJAMARCA|06|CUTERVO|08|SAN ANDRES DE CUTERVO|0007|LA SUCCHA|||007|007|5|-78.691730|-6.2342563|2143.0|1|1|006|1|1|1||4||4||6||1||1||5||1|1|2|2|2|2|2|2|1|2|||||||1|4671.56925571087
8799|04895|0068|0||1|||4|06|CAJAMARCA|06|CUTERVO|08|SAN ANDRES DE CUTERVO|0007|LA SUCCHA|||007|007|5|-78.692157|-6.2338579|2129.0|1|1|007|1|1|1||4||4||6||1||1||5||2|2|2|2|2|2|2|2|1|2|||||||2|4671.56925571087
8800|04895|0069|0||1|||4|06|CAJAMARCA|06|CUTERVO|08|SAN ANDRES DE CUTERVO|0007|LA SUCCHA|||007|007|5|-78.691950|-6.2315023|2103.0|1|1|008|1|1|1||4||4||6||1||1||5||2|2|2|2|2|2|2|2|2|2|||||||2|4671.56925571087
8579|05162|0006|0||1|||4|06|CAJAMARCA|04|CHOTA|11|LLAMA|0066|MOLLEPAMPA|||010|011|5|-79.128943|-6.5895844|2106.0|1|1|001|1|1|1||3||3||6||1||6||5||2|2|2|2|2|2|2|2|1|2|||||||1|4671.56925571087
8580|05162|0007|0||1|||4|06|CAJAMARCA|04|CHOTA|11|LLAMA|0066|MOLLEPAMPA|||010|011|5|-79.128688|-6.5895212|2110.0|1|1|002|1|1|1||3||3||6||1||6||7||1|1|2|2|2|2|2|2|1|2|||||||1|4671.56925571087
8582|05162|0009|0||1|||4|06|CAJAMARCA|04|CHOTA|11|LLAMA|0064|PACOPUQUIO|||010|011|5|-79.135568|-6.5675253|2140.0|1|1|004|1|1|1||3||3||6||1||6||5||2|2|2|2|2|2|2|2|1|2|||||||4|4671.56925571087
8600|05162|0027|0||1|||4|06|CAJAMARCA|04|CHOTA|11|LLAMA|0064|PACOPUQUIO|||010|011|5|-79.131968|-6.5699862|2160.0|1|1|005|1|1|1||3||3||6||1||6||5||1|1|2|2|2|2|2|2|1|2|||||||2|4671.56925571087
8601|05162|0028|0||1|||4|06|CAJAMARCA|04|CHOTA|11|LLAMA|0064|PACOPUQUIO|||010|011|5|-79.131573|-6.5702094|2153.0|1|1|006|1|1|1||3||3||6||1||2||4||2|2|2|2|2|2|2|2|2|2|||||||1|4671.56925571087
8602|05162|0029|0||1|||4|06|CAJAMARCA|04|CHOTA|11|LLAMA|0064|PACOPUQUIO|||010|011|5|-79.131565|-6.5702432|2151.0|1|1|007|1|1|1||3||3||6||1||2||4||2|2|2|2|2|2|2|2|1|2|||||||2|4671.56925571087
8603|05162|0030|0||1|||4|06|CAJAMARCA|04|CHOTA|11|LLAMA|0064|PACOPUQUIO|||010|011|5|-79.131151|-6.5702774|2151.0|1|1|008|1|1|1||4||3||6||1||2||5||1|1|2|2|2|2|2|2|1|2|||||||2|4671.56925571087
8604|05162|0031|1|0008|1|||4|06|CAJAMARCA|04|CHOTA|11|LLAMA|0064|PACOPUQUIO|||010|011|5|-79.130694|-6.5707362|2125.0|1|1|009|1|1|1||3||3||6||1||2||5||1|1|2|2|2|2|2|2|2|2|||||||1|4671.56925571087
8307|05479|0008|0||1|||3|06|CAJAMARCA|03|CELENDIN|01|CELENDIN|0001|CELENDIN|00400|049|||1|-78.146799|-6.8710329|2657.0|1|1|001|1|1|1||3||3||4||1||1||1||6|5|1|1|2|2|1|2|1|1|CAJAMARCA|06|CAJAMARCA|01|CAJAMARCA|01|1|4810.55151984834
8335|05479|0036|0||1|||3|06|CAJAMARCA|03|CELENDIN|01|CELENDIN|0001|CELENDIN|00400|049|||1|-78.146947|-6.8726268|2673.0|1|1|002|1|1|1||3||3||4||1||1||1||3|2|2|2|2|2|1|2|1|2|||||||2|4810.55151984834
8348|05479|0049|0||1|||3|06|CAJAMARCA|03|CELENDIN|01|CELENDIN|0001|CELENDIN|00400|050A|||1|-78.144642|-6.8716061|2650.0|1|1|003|1|1|1||1||4||5||1||1||1||1|1|2|2|2|2|2|2|1|2|||||||2|4810.55151984834
8376|05479|0077|0||1|||3|06|CAJAMARCA|03|CELENDIN|01|CELENDIN|0001|CELENDIN|00400|050A|||1|-78.146358|-6.8729124|2669.0|1|1|004|1|1|1||3||3||5||1||1||1||3|2|2|2|2|2|2|2|1|2|||||||4|4810.55151984834
8388|05479|0089|0||1|||3|06|CAJAMARCA|03|CELENDIN|01|CELENDIN|0001|CELENDIN|00400|050A|||1|-78.146538|-6.8723898|2661.0|1|1|005|1|1|1||3||4||4||1||1||1||3|2|2|2|2|2|1|2|1|2|||||||1|4810.55151984834
8414|05479|0115|0||1|||3|06|CAJAMARCA|03|CELENDIN|01|CELENDIN|0001|CELENDIN|00400|051A|||1|-78.145794|-6.8738898|2668.0|1|1|006|1|1|1||3||3||6||1||2||2||2|1|2|2|2|2|2|2|1|2|||||||2|4810.55151984834
8430|05479|0131|0||1|||3|06|CAJAMARCA|03|CELENDIN|01|CELENDIN|0001|CELENDIN|00400|052|||1|-78.145242|-6.8739297|2665.0|1|1|007|1|1|1||3||4||6||1||1||1||6|6|2|2|2|2|1|2|1|2|||||||2|4810.55151984834
8459|05479|0160|0||1|||3|06|CAJAMARCA|03|CELENDIN|01|CELENDIN|0001|CELENDIN|00400|052|||1|-78.146284|-6.8744959|2672.0|1|1|008|1|1|1||3||4||6||1||1||1||2|1|2|2|2|2|2|2|1|2|||||||1|4810.55151984834
7548|0587902|0002|0||1|||1|06|CAJAMARCA|01|CAJAMARCA|01|CAJAMARCA|0001|CAJAMARCA|00100|018|||1|-78.527357|-7.1416891|2774.0|1|1|001|1|1|1||3||3||6||1||1||1||2|2|1|2|2|1|2|2|1|2|||||||2|4810.55151984834
7574|0587902|0028|0||1|||1|06|CAJAMARCA|01|CAJAMARCA|01|CAJAMARCA|0001|CAJAMARCA|00100|020A|||1|-78.526003|-7.1440646|2771.0|1|1|003|1|1|1||1||1||5||1||1||1||2|1|1|2|2|2|1|2|1|2|||||||2|4810.55151984834
7591|0587902|0045|0||1|||1|06|CAJAMARCA|01|CAJAMARCA|01|CAJAMARCA|0001|CAJAMARCA|00100|020A|||1|-78.526363|-7.1446289|2782.0|1|1|004|1|1|1||1||1||5||1||1||1||1|1|2|2|2|2|2|2|1|2|||||||1|4810.55151984834
7600|0587902|0054|0||1|||1|06|CAJAMARCA|01|CAJAMARCA|01|CAJAMARCA|0001|CAJAMARCA|00100|020C|||1|-78.526346|-7.1431266|2766.0|1|1|005|1|1|1||1||1||5||1||1||1||1|0|2|2|2|2|2|2|2|2|||||||1|4810.55151984834
7618|0587902|0072|0||1|||1|06|CAJAMARCA|01|CAJAMARCA|01|CAJAMARCA|0001|CAJAMARCA|00100|020C|||1|-78.526101|-7.1439651|2778.0|1|1|006|1|1|1||1||1||3||1||1||1||4|2|2|2|2|2|2|2|1|2|||||||2|4810.55151984834
7626|0587902|0080|0||1|||1|06|CAJAMARCA|01|CAJAMARCA|01|CAJAMARCA|0001|CAJAMARCA|00100|020C|||1|-78.526666|-7.1438072|2786.0|1|1|007|1|1|1||1||1||5||1||1||1||2|1|2|2|2|2|2|2|1|2|||||||2|4810.55151984834
7644|0587902|0098|0||1|||1|06|CAJAMARCA|01|CAJAMARCA|01|CAJAMARCA|0001|CAJAMARCA|00100|021|||1|-78.525485|-7.1428975|2758.0|1|1|008|1|1|1||1||1||5||1||1||1||3|2|2|2|2|2|2|2|1|2|||||||2|4810.55151984834
7556|0587902|0010|1|0019|1|||1|06|CAJAMARCA|01|CAJAMARCA|01|CAJAMARCA|0001|CAJAMARCA|00100|018|||1|-78.526828|-7.1416531|2758.0|1|1|009|1|1|1||1||1||3||1||1||1||4|3|1|1|1|2|2|2|1|2|||||||2|4810.55151984834
7660|05902|0009|0||1|||1|06|CAJAMARCA|01|CAJAMARCA|01|CAJAMARCA|0001|CAJAMARCA|00300|043|||1|-78.512670|-7.1454843|2738.0|1|1|001|1|1|1||1||1||5||1||1||1||4|3|1|1|2|2|2|2|1|2|||||||1|4810.55151984834
7684|05902|0033|0||1|||1|06|CAJAMARCA|01|CAJAMARCA|01|CAJAMARCA|0001|CAJAMARCA|00300|043|||1|-78.512351|-7.1459263|2659.0|1|1|002|1|1|1||1||1||3||1||1||1||16|10|1|1|1|1|1|1|1|2|||||||1|4810.55151984834
7696|05902|0045|0||1|||1|06|CAJAMARCA|01|CAJAMARCA|01|CAJAMARCA|0001|CAJAMARCA|00300|044|||1|-78.512262|-7.1462278|2732.0|1|1|003|1|1|1||1||1||5||1||1||1||2|1|1|2|2|2|2|2|1|2|||||||1|4810.55151984834
7720|05902|0069|0||1|||1|06|CAJAMARCA|01|CAJAMARCA|01|CAJAMARCA|0001|CAJAMARCA|00300|044|||1|-78.511714|-7.1471709|2727.0|1|1|004|1|1|1||1||1||5||1||1||1||3|1|2|2|2|1|2|1|1|2|||||||1|4810.55151984834
7733|05902|0082|0||1|||1|06|CAJAMARCA|01|CAJAMARCA|01|CAJAMARCA|0001|CAJAMARCA|00300|044|||1|-78.512399|-7.1465125|2733.0|1|1|005|1|1|2||1||1||3||1||1||1||4|2|1|1|2|2|1|1|1|2|||||||2|4810.55151984834
7757|05902|0106|0||1|||1|06|CAJAMARCA|01|CAJAMARCA|01|CAJAMARCA|0001|CAJAMARCA|00300|047|||1|-78.513297|-7.1462795|2731.0|1|1|006|1|1|1||1||1||3||1||1||1||2|1|2|1|2|2|2|2|1|2|||||||1|4810.55151984834
7793|05902|0142|0||1|||1|06|CAJAMARCA|01|CAJAMARCA|01|CAJAMARCA|0001|CAJAMARCA|00300|047|||1|-78.513395|-7.1467657|2718.0|1|1|008|1|1|4||3||4||6||1||2||2||2|1|2|2|2|2|2|2|1|2|||||||1|4810.55151984834
7672|05902|0021|1|0118|1|||1|06|CAJAMARCA|01|CAJAMARCA|01|CAJAMARCA|0001|CAJAMARCA|00300|043|||1|-78.512327|-7.1458755|2761.0|1|1|009|1|1|2||1||1||5||1||1||1||5|4|1|2|1|1|1|2|1|2|||||||3|4810.55151984834
7798|05913|0002|0||1|||1|06|CAJAMARCA|01|CAJAMARCA|01|CAJAMARCA|0001|CAJAMARCA|00400|057|||1|-78.513097|-7.1473050|2736.0|1|1|001|1|1|1||1||1||3||1||1||1||11|6|1|1|1|1|2|1|1|2|||||||2|4810.55151984834
7833|05913|0037|0||1|||1|06|CAJAMARCA|01|CAJAMARCA|01|CAJAMARCA|0001|CAJAMARCA|00400|058|||1|-78.512907|-7.1478867|2726.0|1|1|002|1|1|1||1||1||3||1||1||1||8|5|1|1|1|1|1|1|1|2|||||||2|4810.55151984834
7851|05913|0055|0||1|||1|06|CAJAMARCA|01|CAJAMARCA|01|CAJAMARCA|0001|CAJAMARCA|00400|059|||1|-78.513425|-7.1479975|2740.0|1|1|003|1|1|1||1||1||3||1||1||1||8|4|1|1|1|1|1|2|1|2|||||||1|4810.55151984834
7884|05913|0088|0||1|||1|06|CAJAMARCA|01|CAJAMARCA|01|CAJAMARCA|0001|CAJAMARCA|00400|060|||1|-78.513435|-7.1484564|2731.0|1|1|004|1|1|1||1||1||5||1||1||2||7|5|2|2|2|2|2|1|1|2|||||||5|4810.55151984834
7900|05913|0104|0||1|||1|06|CAJAMARCA|01|CAJAMARCA|01|CAJAMARCA|0001|CAJAMARCA|00400|060|||1|-78.512995|-7.1492195|2724.0|1|1|005|1|1|2||1||1||1||1||1||1||4|3|1|2|1|1|1|1|1|2|||||||2|4810.55151984834
7934|05913|0138|0||1|||1|06|CAJAMARCA|01|CAJAMARCA|01|CAJAMARCA|0001|CAJAMARCA|00400|061|||1|-78.512914|-7.1491901|2735.0|1|1|006|2|1|1||1||4||5||1||1||1||2|1|2|2|2|2|2|2|2|2|||||||2|4810.55151984834
7934|05913|0138|0||1|||1|06|CAJAMARCA|01|CAJAMARCA|01|CAJAMARCA|0001|CAJAMARCA|00400|061|||1|-78.512914|-7.1491901|2735.0|1|1|006|2|2|1||1||4||5||1||1||1||3|1|1|2|2|2|1|2|1|2|||||||2|4810.55151984834
7951|05913|0155|0||1|||1|06|CAJAMARCA|01|CAJAMARCA|01|CAJAMARCA|0001|CAJAMARCA|00400|061|||1|-78.512720|-7.1492089|2732.0|1|1|007|1|1|2||1||1||1||1||1||1||4|3|1|2|1|1|1|2|1|1|CAJAMARCA|06|SANTA CRUZ|13|SANTA CRUZ|01|2|4810.55151984834
7985|05913|0189|0||1|||1|06|CAJAMARCA|01|CAJAMARCA|01|CAJAMARCA|0001|CAJAMARCA|00400|061|||1|-78.512707|-7.1499899|2735.0|1|1|008|1|1|1||1||1||5||1||1||1||3|1|2|2|2|2|2|2|1|2|||||||2|4810.55151984834
9643|0630601|0010|0||1|||4|06|CAJAMARCA|10|SAN MARCOS|03|EDUARDO VILLANUEVA|0001|LA GRAMA|00100|001C|||4|-78.131547|-7.4669750|2015.0|1|1|001|1|1|1||4||3||6||1||1||1||2|1|1|2|2|2|2|2|1|2|||||||2|4671.56925571087
9662|0630601|0029|0||1|||4|06|CAJAMARCA|10|SAN MARCOS|03|EDUARDO VILLANUEVA|0001|LA GRAMA|00100|002B|||4|-78.130267|-7.4648808|2021.0|1|1|002|1|1|1||3||3||6||1||1||1||2|1|2|2|2|2|2|2|1|2|||||||2|4671.56925571087
9694|0630601|0061|0||1|||4|06|CAJAMARCA|10|SAN MARCOS|03|EDUARDO VILLANUEVA|0001|LA GRAMA|00100|006|||4|-78.129440|-7.4631220|2027.0|1|1|003|1|1|1||4||3||6||1||1||1||3|2|2|2|2|2|2|2|1|2|||||||1|4671.56925571087
9707|0630601|0074|0||1|||4|06|CAJAMARCA|10|SAN MARCOS|03|EDUARDO VILLANUEVA|0001|LA GRAMA|00100|008|||4|-78.131065|-7.4658219|2039.0|1|1|004|1|1|1||3||3||5||1||1||1||6|2|2|2|2|2|2|2|1|2|||||||2|4671.56925571087
9743|0630601|0110|0||1|||4|06|CAJAMARCA|10|SAN MARCOS|03|EDUARDO VILLANUEVA|0001|LA GRAMA|00100|012|||4|-78.128033|-7.4624731|2024.0|1|1|005|1|1|1||1||1||5||1||1||1||5|2|1|2|2|2|2|2|1|2|||||||1|4671.56925571087
9762|0630601|0129|0||1|||4|06|CAJAMARCA|10|SAN MARCOS|03|EDUARDO VILLANUEVA|0001|LA GRAMA|00100|014|||4|-78.126102|-7.4625627|2021.0|1|1|006|1|1|1||3||3||6||1||1||1||3|1|1|2|2|2|2|2|2|1|CAJAMARCA|06|SAN MARCOS|10|EDUARDO VILLANUEVA|03|1|4671.56925571087
9809|0630601|0176|0||1|||4|06|CAJAMARCA|10|SAN MARCOS|03|EDUARDO VILLANUEVA|0001|LA GRAMA|00100|016|||4|-78.126868|-7.4631601|2018.0|1|1|008|1|1|1||1||1||5||1||1||1||3|2|2|2|2|2|2|2|1|1|CAJAMARCA|06|SAN MARCOS|10|EDUARDO VILLANUEVA|03|1|4671.56925571087
